,file,sample,group,callable_genome_size,indels,indels_norm,insertions,insertions_norm,deletions,deletions_norm,complex,complex_norm,short_indels,short_indels_norm,long_indels,long_indels_norm,short_insertions,short_insertions_norm,short_deletions,short_deletions_norm,long_insertions,long_insertions_norm,long_deletions,long_deletions_norm,group_renamed
1,sample_colony-e12_HSC-9A-4RR_vs_MD6257z.flagged_filtered.vcf.gz,9A-4RR_e12,young,2333324831,23,26.9186912887227,5,5.85188941059188,18,21.0668018781308,0,0,21,24.5779355244859,2,2.34075576423675,4,4.68151152847351,17,19.8964239960124,1,1.17037788211838,1,1.17037788211838,young
2,sample_colony-e3_HSC-9A-4RR_vs_MD6257z.flagged_filtered.vcf.gz,9A-4RR_e3,young,2334306706,15,17.5482838243622,4,4.67954235316325,11,12.8687414711989,0,0,11,12.8687414711989,4,4.67954235316325,3,3.50965676487244,8,9.3590847063265,1,1.16988558829081,3,3.50965676487244,young
3,sample_colony-e8-neg_HSC-LRC_old1_vs_sample_tail_HSC-LRC_old1.flagged_filtered.vcf.gz,old1_e8_neg,nonLRC,2337289909,18,21.0310632595128,8,9.34713922645015,9,10.5155316297564,1,1.16839240330627,16,18.6942784529003,2,2.33678480661254,8,9.34713922645015,8,9.34713922645015,0,0,1,1.16839240330627,active
4,sample_colony-f9_HSC-4A-3RL_vs_MD6267z.flagged_filtered.vcf.gz,4A-3RL_f9,old,2336094478,28,32.7317282721645,9,10.52091265891,18,21.04182531782,1,1.16899029543445,20,23.3798059086889,8,9.35192236347558,8,9.35192236347558,12,14.0278835452134,1,1.16899029543445,6,7.01394177260668,old
5,sample_colony-c5-pos_HSC-LRC_old1_vs_sample_tail_HSC-LRC_old1.flagged_filtered.vcf.gz,old1_c5_pos,LRC,2337073960,16,18.6960058311548,5,5.84250182223587,11,12.8535040089189,0,0,14,16.3590051022604,2,2.33700072889435,5,5.84250182223587,9,10.5165032800246,0,0,2,2.33700072889435,dormant
6,sample_colony-neg-g11_HSC-LRC_old2_vs_sample_tail_HSC-LRC_old2.flagged_filtered.vcf.gz,old2_g11_neg,nonLRC,2337547881,19,22.1970057288422,8,9.34610767530199,11,12.8508980535402,0,0,17,19.8604788100167,2,2.3365269188255,8,9.34610767530199,9,10.5143711347147,0,0,2,2.3365269188255,active
7,sample_colony-a5-neg_HSC-LRC_old3_vs_sample_tail_HSC-LRC_old3.flagged_filtered.vcf.gz,old3_a5_neg,nonLRC,2336294524,22,25.7155844054874,8,9.35112160199542,14,16.364462803492,0,0,18,21.0400236044897,4,4.67556080099771,8,9.35112160199542,10,11.6889020024943,0,0,4,4.67556080099771,active
8,sample_colony-f2-pos_HSC-LRC_old3_vs_sample_tail_HSC-LRC_old3.flagged_filtered.vcf.gz,old3_f2_pos,LRC,2335439581,14,16.3704534028791,5,5.84659050102825,9,10.5238629018509,0,0,12,14.0318172024678,2,2.3386362004113,5,5.84659050102825,7,8.18522670143955,0,0,2,2.3386362004113,dormant
9,sample_colony-a6-pos_HSC-LRC_old2_vs_sample_tail_HSC-LRC_old2.flagged_filtered.vcf.gz,old2_a6_pos,LRC,2336796869,13,15.1923059864387,6,7.0118335322025,7,8.18047245423625,0,0,13,15.1923059864387,0,0,6,7.0118335322025,7,8.18047245423625,0,0,0,0,dormant
10,sample_colony-d4_HSC-4A-3RL_vs_MD6267z.flagged_filtered.vcf.gz,4A-3RL_d4,old,2335531763,22,25.7239828546918,12,14.0312633752864,10,11.6927194794053,0,0,20,23.3854389588107,2,2.33854389588107,12,14.0312633752864,8,9.35417558352427,0,0,2,2.33854389588107,old
11,sample_colony-g4-pos_HSC-LRC_old3_vs_sample_tail_HSC-LRC_old3.flagged_filtered.vcf.gz,old3_g4_pos,LRC,2336960869,12,14.0226829309396,5,5.84278455455815,7,8.17989837638141,0,0,11,12.8541260200279,1,1.16855691091163,5,5.84278455455815,6,7.01134146546978,0,0,1,1.16855691091163,dormant
12,sample_colony-con5_HSC-F2RRL-BBS9-pbs5_vs_sample_germline2_HSC-F2RRL-BBS14-tail.flagged_filtered.vcf.gz,F2RRL-pbs5,BBcontrol,2334402455,14,16.3777264516285,7,8.18886322581425,7,8.18886322581425,0,0,12,14.038051244253,2,2.3396752073755,7,8.18886322581425,5,5.84918801843875,0,0,2,2.3396752073755,Bak-/- Bax d/d
13,sample_colony-f12_HSC-9A-4RR_vs_MD6257z.flagged_filtered.vcf.gz,9A-4RR_f12,young,2333273155,25,29.2600950744663,11,12.8744418327652,14,16.3856532417011,0,0,20,23.4080760595731,5,5.85201901489326,10,11.7040380297865,10,11.7040380297865,1,1.17040380297865,4,4.68161521191461,young
14,sample_colony-g12_HSC-9A-1R_vs_MD6255x.flagged_filtered.vcf.gz,9A-1R_g12,young,2335144287,9,10.5251937119379,4,4.67786387197238,4,4.67786387197238,1,1.16946596799309,6,7.01679580795857,3,3.50839790397928,4,4.67786387197238,2,2.33893193598619,0,0,2,2.33893193598619,young
15,sample_colony-e7_HSC-4B-3RL_vs_MD6266r.flagged_filtered.vcf.gz,4B-3RL_e7,old,2337733801,21,24.531581495493,6,7.00902328442656,15,17.5225582110664,0,0,19,22.1952404006841,2,2.33634109480885,6,7.00902328442656,13,15.1862171162575,0,0,2,2.33634109480885,old
16,sample_colony-g6-pos_HSC-LRC_old3_vs_sample_tail_HSC-LRC_old3.flagged_filtered.vcf.gz,old3_g6_pos,LRC,2336627456,23,26.8806439985613,6,7.01234191266817,15,17.5308547816704,2,2.33744730422272,18,21.0370257380045,5,5.84361826055681,6,7.01234191266817,12,14.0246838253363,0,0,3,3.50617095633409,dormant
17,sample_colony-e7_HSC-9A-2L_vs_MD6256x.flagged_filtered.vcf.gz,9A-2L_e7,young,2335960073,13,15.1977482288072,3,3.50717266818627,10,11.6905755606209,0,0,9,10.5215180045588,4,4.67623022424836,3,3.50717266818627,6,7.01434533637254,0,0,4,4.67623022424836,young
18,sample_colony-b7-pos_HSC-LRC_old2_vs_sample_tail_HSC-LRC_old2.flagged_filtered.vcf.gz,old2_b7_pos,LRC,2337387502,15,17.5251542908267,5,5.84171809694223,10,11.6834361938845,0,0,14,16.3568106714383,1,1.16834361938845,5,5.84171809694223,9,10.515092574496,0,0,1,1.16834361938845,dormant
19,sample_colony-g7-pos_HSC-LRC_old3_vs_sample_tail_HSC-LRC_old3.flagged_filtered.vcf.gz,old3_g7_pos,LRC,2336512276,14,16.3629377122091,7,8.18146885610457,7,8.18146885610457,0,0,11,12.8565939167357,3,3.50634379547339,7,8.18146885610457,4,4.67512506063118,0,0,3,3.50634379547339,dormant
20,sample_colony-d6_HSC-F6RL-PBS-Nanoseq1_vs_sample_tail_HSC-F6RL-PBS-Nanoseq1.flagged_filtered.vcf.gz,F6RL-pbs_d6,BBcontrol,2335670632,11,12.8612267082699,4,4.67680971209814,6,7.01521456814721,1,1.16920242802454,9,10.5228218522208,2,2.33840485604907,4,4.67680971209814,5,5.84601214012268,0,0,1,1.16920242802454,Bak-/- Bax d/d
21,sample_colony-b8_HSC-F7RRLL-PBS-Nanoseq1_vs_sample_tail_HSC-F7RRLL-PBS-Nanoseq1.flagged_filtered.vcf.gz,F7RRLL-pbs_b8,BBcontrol,2335504054,9,10.5235723842593,7,8.18500074331278,1,1.16928582047325,1,1.16928582047325,8,9.35428656378603,1,1.16928582047325,7,8.18500074331278,1,1.16928582047325,0,0,0,0,Bak-/- Bax d/d
22,sample_colony-d3_HSC-F6LL-PBS-Nanoseq1_vs_sample_tail_HSC-F6LL-PBS-Nanoseq1.flagged_filtered.vcf.gz,F6LL-pbs_d3,BBcontrol,2333807783,14,16.3818996210795,8,9.36108549775969,5,5.85067843609981,1,1.17013568721996,11,12.8714925594196,3,3.51040706165988,7,8.19094981053973,4,4.68054274887985,1,1.17013568721996,1,1.17013568721996,Bak-/- Bax d/d
23,sample_colony-e12-2_HSC-4A-2L_vs_MD6264n.flagged_filtered.vcf.gz,4A-2L_e12-2,old,2337042546,18,21.0332892809903,5,5.84258035583063,13,15.1907089251596,0,0,15,17.5277410674919,3,3.50554821349838,5,5.84258035583063,10,11.6851607116613,0,0,3,3.50554821349838,old
24,sample_colony-a9_HSC-F6R-PBS-Nanoseq1_vs_sample_tail_HSC-F6R-PBS-Nanoseq1.flagged_filtered.vcf.gz,F6R-pbs_a9,BBcontrol,2336051166,20,23.3802393864176,9,10.5211077238879,7,8.18308378524617,4,4.67604787728352,14,16.3661675704923,6,7.01407181592529,8,9.35209575456705,6,7.01407181592529,1,1.16901196932088,1,1.16901196932088,Bak-/- Bax d/d
25,sample_colony-d3-pos_HSC-LRC_old1_vs_sample_tail_HSC-LRC_old1.flagged_filtered.vcf.gz,old1_d3_pos,LRC,2337952208,18,21.0251055448435,13,15.1847984490537,5,5.84030709578987,0,0,16,18.6889827065276,2,2.33612283831595,12,14.0167370298957,4,4.6722456766319,1,1.16806141915797,1,1.16806141915797,dormant
26,sample_colony-con12_HSC-F2RRL-BBS22-pbs12_vs_sample_germline2_HSC-F2RRL-BBS14-tail.flagged_filtered.vcf.gz,F2RRL-pbs12,BBcontrol,2333282299,17,19.8967866759615,7,8.1927945136312,9,10.5335929460973,1,1.17039921623303,14,16.3855890272624,3,3.51119764869909,7,8.1927945136312,7,8.1927945136312,0,0,2,2.34079843246606,Bak-/- Bax d/d
27,sample_colony-b3-neg_HSC-LRC_old1_vs_sample_tail_HSC-LRC_old1.flagged_filtered.vcf.gz,old1_b3_neg,nonLRC,2336872797,27,31.5522256892445,7,8.1802066601745,20,23.37201902907,0,0,25,29.2150237863375,2,2.337201902907,7,8.1802066601745,18,21.034817126163,0,0,2,2.337201902907,active
28,sample_colony-d6-neg_HSC-LRC_old1_vs_sample_tail_HSC-LRC_old1.flagged_filtered.vcf.gz,old1_d6_neg,nonLRC,2337243594,14,16.3578177876482,4,4.67366222504234,10,11.6841555626059,0,0,13,15.1894022313876,1,1.16841555626059,4,4.67366222504234,9,10.5157400063453,0,0,1,1.16841555626059,active
29,sample_colony-f12_HSC-4A-2L_vs_MD6264n.flagged_filtered.vcf.gz,4A-2L_f12,old,2335553150,17,19.8774410927022,5,5.84630620373593,11,12.8618736482191,1,1.16926124074719,13,15.2003961297134,4,4.67704496298875,4,4.67704496298875,9,10.5233511667247,1,1.16926124074719,2,2.33852248149437,old
30,sample_colony-g3_HCS-9A-2L_vs_MD6256x.flagged_filtered.vcf.gz,9A-2L_g3,young,2335945571,27,31.564749972507,11,12.8597129517621,16,18.7050370207449,0,0,23,26.8884907173207,4,4.67625925518622,10,11.6906481379655,13,15.1978425793552,1,1.16906481379655,3,3.50719444138966,young
31,sample_colony-c11_HSC-4B-3RL_vs_MD6266r.flagged_filtered.vcf.gz,4B-3RL_c11,old,2338058822,22,25.6961794385514,10,11.6800815629779,11,12.8480897192757,1,1.16800815629779,21,24.5281712822536,1,1.16800815629779,10,11.6800815629779,10,11.6800815629779,0,0,1,1.16800815629779,old
32,sample_colony-f5_HSC-9A-1R_vs_MD6255x.flagged_filtered.vcf.gz,9A-1R_f5,young,2332849978,19,22.2417061514103,8,9.36492890585697,11,12.8767772455533,0,0,18,21.0710900381782,1,1.17061611323212,8,9.36492890585697,10,11.7061611323212,0,0,1,1.17061611323212,young
33,sample_colony-a4_HSC-F6RL-PBS-Nanoseq1_vs_sample_tail_HSC-F6RL-PBS-Nanoseq1.flagged_filtered.vcf.gz,F6RL-pbs_a4,BBcontrol,2335727797,19,22.2143024425376,7,8.18421668935595,10,11.6917381276514,2,2.33834762553027,18,21.0451286297724,1,1.16917381276514,7,8.18421668935595,10,11.6917381276514,0,0,0,0,Bak-/- Bax d/d
34,sample_colony-d11_HSC-4A-2L_vs_MD6264n.flagged_filtered.vcf.gz,4A-2L_d11,old,2336670783,28,32.7236554795404,11,12.8557217955337,16,18.6992317025945,1,1.16870198141216,24,28.0488475538918,4,4.67480792564863,11,12.8557217955337,13,15.1931257583581,0,0,3,3.50610594423648,old
35,sample_colony-h3_HSC-9A-1R_vs_MD6255x.flagged_filtered.vcf.gz,9A-1R_h3,young,2335523312,20,23.3855235781093,8,9.35420943124373,11,12.8620379679601,1,1.16927617890547,18,21.0469712202984,2,2.33855235781093,7,8.18493325233827,11,12.8620379679601,1,1.16927617890547,0,0,young
36,sample_colony-c3-pos_HSC-LRC_old1_vs_sample_tail_HSC-LRC_old1.flagged_filtered.vcf.gz,old1_c3_pos,LRC,2337561557,13,15.1873361177115,5,5.84128312219673,8,9.34605299551476,0,0,12,14.0190794932721,1,1.16825662443935,5,5.84128312219673,7,8.17779637107542,0,0,1,1.16825662443935,dormant
37,sample_colony-g4_HCS-9A-2L_vs_MD6256x.flagged_filtered.vcf.gz,9A-2L_g4,young,2336147261,11,12.8586027154561,4,4.67585553289314,7,8.18274718256299,0,0,7,8.18274718256299,4,4.67585553289314,4,4.67585553289314,3,3.50689164966985,0,0,4,4.67585553289314,young
38,sample_colony-c4-pos_HSC-LRC_old2_vs_sample_tail_HSC-LRC_old2.flagged_filtered.vcf.gz,old2_c4_pos,LRC,2337261250,21,24.5365413275901,5,5.84203364942622,16,18.6945076781639,0,0,16,18.6945076781639,5,5.84203364942622,4,4.67362691954098,12,14.0208807586229,1,1.16840672988524,4,4.67362691954098,dormant
39,sample_colony-f6_HSC-9A-4RR_vs_MD6257z.flagged_filtered.vcf.gz,9A-4RR_f6,young,2334292750,13,15.2086035746802,3,3.50967774800312,10,11.6989258266771,0,0,9,10.5290332440093,4,4.67957033067082,3,3.50967774800312,6,7.01935549600623,0,0,4,4.67957033067082,young
40,sample_colony-d3_HSC-4A-3RL_vs_MD6267z.flagged_filtered.vcf.gz,4A-3RL_d3,old,2335640225,16,18.7074823923278,5,5.84608824760243,11,12.8613941447254,0,0,15,17.5382647428073,1,1.16921764952049,5,5.84608824760243,10,11.6921764952049,0,0,1,1.16921764952049,old
41,sample_colony-neg-h3_HSC-LRC_old2_vs_sample_tail_HSC-LRC_old2.flagged_filtered.vcf.gz,old2_h3_neg,nonLRC,2337729033,15,17.5225939498352,5,5.84086464994508,10,11.6817292998902,0,0,12,14.0180751598682,3,3.50451878996705,5,5.84086464994508,7,8.17721050992312,0,0,3,3.50451878996705,active
42,sample_colony-g4_HSC-F7RRLL-PBS-Nanoseq1_vs_sample_tail_HSC-F7RRLL-PBS-Nanoseq1.flagged_filtered.vcf.gz,F7RRLL-pbs_g4,BBcontrol,2331364833,13,15.227703772265,3,3.5140854859073,6,7.0281709718146,4,4.68544731454307,9,10.5422564577219,4,4.68544731454307,3,3.5140854859073,6,7.0281709718146,0,0,0,0,Bak-/- Bax d/d
43,sample_colony-con8_HSC-F2RRL-BBS18-pbs8_vs_sample_germline2_HSC-F2RRL-BBS14-tail.flagged_filtered.vcf.gz,F2RRL-pbs8,BBcontrol,2334687544,14,16.3757265653189,4,4.67877901866255,10,11.6969475466564,0,0,8,9.3575580373251,6,7.01816852799383,3,3.50908426399691,5,5.84847377332819,1,1.16969475466564,5,5.84847377332819,Bak-/- Bax d/d
44,sample_colony-b8-neg_HSC-LRC_old3_vs_sample_tail_HSC-LRC_old3.flagged_filtered.vcf.gz,old3_b8_neg,nonLRC,2336336707,21,24.5462510100433,7,8.18208367001444,14,16.3641673400289,0,0,19,22.2085128186106,2,2.3377381914327,7,8.18208367001444,12,14.0264291485962,0,0,2,2.3377381914327,active
45,sample_colony-f11_HSC-4A-3RL_vs_MD6267z.flagged_filtered.vcf.gz,4A-3RL_f11,old,2331414990,26,30.4547523407662,9,10.5420296564191,17,19.9127226843472,0,0,20,23.4267325698202,6,7.02801977094606,7,8.19935639943706,13,15.2273761703831,2,2.34267325698202,4,4.68534651396404,old
46,sample_colony-g11_HSC-F6LL-PBS-Nanoseq1_vs_sample_tail_HSC-F6LL-PBS-Nanoseq1.flagged_filtered.vcf.gz,F6LL-pbs_g11,BBcontrol,2328901391,13,15.2438111803249,7,8.20820602017494,6,7.03560516014995,0,0,11,12.8986094602749,2,2.34520172004998,7,8.20820602017494,4,4.69040344009997,0,0,2,2.34520172004998,Bak-/- Bax d/d
47,sample_colony-b10-neg_HSC-LRC_old3_vs_sample_tail_HSC-LRC_old3.flagged_filtered.vcf.gz,old3_b10_neg,nonLRC,2336704029,17,19.8676510083597,6,7.01211212059754,11,12.8555388877622,0,0,17,19.8676510083597,0,0,6,7.01211212059754,11,12.8555388877622,0,0,0,0,active
48,sample_colony-b7-neg_HSC-LRC_old3_vs_sample_tail_HSC-LRC_old3.flagged_filtered.vcf.gz,old3_b7_neg,nonLRC,2336883014,24,28.0463002141536,5,5.84297921128199,19,22.2033210028716,0,0,20,23.371916845128,4,4.67438336902559,5,5.84297921128199,15,17.528937633846,0,0,4,4.67438336902559,active
49,sample_colony-g4_HSC-9A-1R_vs_MD6255x.flagged_filtered.vcf.gz,9A-1R_g4,young,2335777307,29,33.9053218852083,15,17.5372354578664,13,15.1989373968175,1,1.16914903052442,23,26.8904277020618,6,7.01489418314655,14,16.3680864273419,9,10.5223412747198,1,1.16914903052442,4,4.6765961220977,young
50,sample_colony-g8_HSC-9A-2L_vs_MD6256x.flagged_filtered.vcf.gz,9A-2L_g8,young,2333272670,16,18.7264647401883,6,7.02242427757061,10,11.7040404626177,0,0,14,16.3856566476648,2,2.34080809252354,6,7.02242427757061,8,9.36323237009415,0,0,2,2.34080809252354,young
51,sample_colony-c2-pos_HSC-LRC_old2_vs_sample_tail_HSC-LRC_old2.flagged_filtered.vcf.gz,old2_c2_pos,LRC,2336843832,24,28.0467704681431,9,10.5175389255537,15,17.5292315425895,0,0,22,25.7095395957979,2,2.33723087234526,9,10.5175389255537,13,15.1920006702442,0,0,2,2.33723087234526,dormant
52,sample_colony-con11_HSC-F2RRL-BBS21-pbs11_vs_sample_germline2_HSC-F2RRL-BBS14-tail.flagged_filtered.vcf.gz,F2RRL-pbs11,BBcontrol,2333655314,17,19.8936063434431,10,11.7021213784959,6,7.02127282709755,1,1.17021213784959,15,17.5531820677439,2,2.34042427569918,10,11.7021213784959,5,5.85106068924796,0,0,1,1.17021213784959,Bak-/- Bax d/d
53,sample_colony-c7_HSC-4B-3RL_vs_MD6266r.flagged_filtered.vcf.gz,4B-3RL_c7,old,2338180200,19,22.1910029457952,5,5.83973761731453,14,16.3512653284807,0,0,16,18.6871603754065,3,3.50384257038872,5,5.83973761731453,11,12.847422758092,0,0,3,3.50384257038872,old
54,sample_colony-con2_HSC-F2RRL-BBS3-pbs2_vs_sample_germline2_HSC-F2RRL-BBS14-tail.flagged_filtered.vcf.gz,F2RRL-pbs2,BBcontrol,2334062002,12,14.0400988748027,3,3.51002471870068,8,9.36006591653515,1,1.17000823956689,11,12.8700906352358,1,1.17000823956689,3,3.51002471870068,8,9.36006591653515,0,0,0,0,Bak-/- Bax d/d
55,sample_colony-c5_HSC-F7RRLL-PBS-Nanoseq1_vs_sample_tail_HSC-F7RRLL-PBS-Nanoseq1.flagged_filtered.vcf.gz,F7RRLL-pbs_c5,BBcontrol,2334226708,17,19.8887365991016,7,8.18947977610065,9,10.5293311407008,1,1.16992568230009,16,18.7188109168015,1,1.16992568230009,7,8.18947977610065,9,10.5293311407008,0,0,0,0,Bak-/- Bax d/d
56,sample_colony-con17_HSC-F2RRL-BBS32-pbs17_vs_sample_germline2_HSC-F2RRL-BBS14-tail.flagged_filtered.vcf.gz,F2RRL-pbs17,BBcontrol,2334303346,19,22.2278581722943,10,11.6988727222602,8,9.35909817780812,1,1.16988727222602,17,19.8880836278423,2,2.33977454445203,10,11.6988727222602,7,8.18921090558211,0,0,1,1.16988727222602,Bak-/- Bax d/d
57,sample_colony-h5_HSC-F6R-PBS-Nanoseq1_vs_sample_tail_HSC-F6R-PBS-Nanoseq1.flagged_filtered.vcf.gz,F6R-pbs_h5,BBcontrol,2335076726,13,15.2034974554408,3,3.50849941279403,9,10.5254982383821,1,1.16949980426468,8,9.35599843411741,5,5.84749902132338,2,2.33899960852935,6,7.01699882558805,1,1.16949980426468,3,3.50849941279403,Bak-/- Bax d/d
58,sample_colony-c7-pos_HSC-LRC_old1_vs_sample_tail_HSC-LRC_old1.flagged_filtered.vcf.gz,old1_c7_pos,LRC,2337790346,15,17.5221343864682,5,5.84071146215607,10,11.6814229243121,0,0,15,17.5221343864682,0,0,5,5.84071146215607,10,11.6814229243121,0,0,0,0,dormant
