,apoptosisKO1,apoptosisKO2,apoptosisKO3,apoptosisKO4,apoptosisKO5,apoptosisKO6,apoptosisKO7,apoptosisKO8,apoptosisKO9,apoptosisKO10,apoptosisKO11,apoptosisKO12,apoptosisKO13,apoptosisKO14,apoptosisKO15,apoptosisKO16,apoptosisKO17,young1,young2,young3,young4,young5,young6,young7,young8,young9,young10,young11,young12,old1,old2,old3,old4,old5,old6,old7,old8,old9,old10,cycling1,cycling2,cycling3,cycling4,cycling5,cycling6,cycling7,cycling8,cycling9,dormant1,dormant2,dormant3,dormant4,dormant5,dormant6,dormant7,dormant8,dormant9,dormant10,dormant11,dormant12
A[C>A]A,0,0,2,2,2,0,1,1,2,1,2,0,2,2,1,3,3,0,1,1,1,0,0,1,7,1,0,0,1,4,1,2,1,5,3,0,6,2,4,1,2,3,1,0,1,0,2,2,2,1,0,1,1,1,3,1,1,1,0,2
A[C>A]C,1,1,0,0,0,1,0,1,1,0,0,1,1,1,0,1,0,1,0,0,2,0,1,0,3,0,0,1,0,0,3,1,2,1,0,1,4,1,2,0,2,1,0,1,3,1,0,4,1,1,0,1,0,1,0,1,1,1,0,0
A[C>A]G,0,0,0,3,1,1,0,0,0,1,0,1,1,1,0,0,0,0,0,1,0,0,2,0,1,0,0,0,0,0,1,1,0,0,0,0,1,0,0,0,0,0,1,2,0,0,1,0,1,0,0,1,1,0,1,0,0,0,0,0
A[C>A]T,1,2,1,0,4,1,2,0,1,0,1,0,0,1,2,2,2,1,0,0,1,1,2,0,2,0,2,1,1,2,1,2,2,1,0,1,0,5,3,1,2,1,1,2,2,0,1,0,0,0,0,0,1,2,0,0,1,2,5,0
C[C>A]A,1,1,2,1,1,1,1,1,0,1,0,1,0,0,0,1,1,0,1,1,1,0,1,0,0,0,2,0,2,2,0,1,1,2,0,0,2,3,2,1,3,0,1,1,3,0,3,1,2,0,1,0,1,2,0,1,1,1,1,0
C[C>A]C,1,0,1,0,1,2,0,1,1,0,1,1,2,0,1,1,0,0,0,1,0,0,1,2,6,2,3,1,0,1,2,4,2,0,1,3,4,2,2,2,0,1,4,3,1,3,4,1,0,2,1,1,1,0,2,0,4,0,1,1
C[C>A]G,0,0,0,1,0,0,0,1,1,1,0,0,1,0,0,0,1,0,0,0,0,0,1,0,1,0,0,1,0,0,0,1,1,1,0,1,0,2,0,0,0,1,0,0,0,0,0,0,0,0,0,0,0,0,0,1,0,0,0,0
C[C>A]T,1,0,0,0,1,1,0,0,0,0,0,0,3,2,0,0,1,0,1,0,2,0,0,1,0,0,0,0,4,1,0,1,0,2,3,0,3,0,2,1,0,1,0,1,0,0,1,0,0,1,0,0,0,0,0,1,1,0,0,0
G[C>A]A,1,0,1,1,0,0,1,1,2,1,2,2,1,3,2,0,2,0,1,1,1,0,1,3,4,2,2,0,1,1,1,1,1,0,0,2,1,1,2,1,2,1,3,2,2,1,1,0,2,4,1,1,3,0,0,0,1,0,1,0
G[C>A]C,0,0,2,0,0,0,0,0,1,1,0,1,0,1,0,2,0,1,1,0,1,0,0,0,0,0,0,1,0,1,1,1,0,0,1,1,1,0,2,2,2,2,1,1,0,0,0,0,0,0,0,1,0,1,0,0,2,1,1,0
G[C>A]G,0,0,0,0,0,0,0,1,0,0,0,0,0,0,0,0,1,0,1,0,0,1,0,0,1,0,0,0,0,0,0,0,0,0,0,0,0,0,0,0,0,1,1,0,0,1,0,0,0,0,0,0,0,0,1,1,0,0,0,1
G[C>A]T,1,2,2,1,1,1,2,1,0,1,1,0,1,2,0,0,0,2,3,1,4,0,0,1,3,0,1,0,0,0,2,2,0,2,3,2,1,1,2,2,1,3,2,0,0,2,1,3,2,0,2,0,0,0,2,4,3,2,3,0
T[C>A]A,0,0,1,0,1,2,0,0,0,1,0,3,1,0,0,3,1,1,1,0,0,0,2,0,2,1,1,1,0,4,1,0,3,2,3,1,0,0,4,0,2,2,1,0,1,3,2,2,0,1,1,1,1,0,0,1,0,0,0,0
T[C>A]C,0,0,2,0,0,1,0,0,0,0,0,2,0,0,1,1,2,2,0,1,3,0,1,0,0,1,2,0,1,1,1,1,1,1,1,4,1,1,0,0,1,1,1,0,1,1,0,2,0,1,0,0,1,2,0,1,1,0,3,0
T[C>A]G,0,0,1,1,0,1,0,1,0,0,0,0,0,0,0,0,0,0,0,0,0,0,0,1,1,0,1,0,0,0,2,1,0,0,0,0,4,0,1,0,0,0,1,2,0,0,0,0,0,0,1,0,0,0,0,0,0,0,0,0
T[C>A]T,4,1,2,3,3,1,1,1,0,2,3,2,0,3,2,3,2,3,0,3,5,4,2,0,6,1,4,0,0,1,1,3,3,1,0,3,0,1,1,2,4,4,4,0,3,1,3,1,2,1,0,0,2,1,2,2,3,3,3,0
A[C>G]A,1,0,0,0,1,0,0,2,0,1,0,1,0,1,2,1,0,1,0,0,1,1,0,0,0,1,1,1,0,0,0,3,2,0,1,1,2,1,1,1,1,1,0,0,2,1,0,0,0,0,0,0,0,4,0,0,0,0,2,1
A[C>G]C,0,0,0,0,0,0,0,0,1,0,0,1,1,0,0,0,1,0,1,1,0,0,1,0,0,1,1,0,0,0,0,1,1,0,0,1,0,0,0,0,1,0,1,0,1,0,0,0,0,0,0,3,0,0,0,1,0,1,0,1
A[C>G]G,0,1,0,1,0,1,1,0,0,1,0,1,0,0,0,0,2,0,0,0,1,0,0,0,0,0,0,2,1,0,0,0,0,0,0,0,0,1,0,1,2,0,1,0,0,0,0,1,0,0,0,0,0,0,0,1,0,0,0,1
A[C>G]T,1,0,0,0,0,0,2,0,0,1,0,1,0,0,1,0,0,0,0,0,0,0,1,0,0,1,0,0,0,2,1,1,1,0,1,0,1,1,0,0,1,0,0,1,0,0,0,0,0,0,1,0,0,0,0,1,0,0,0,1
C[C>G]A,0,0,0,0,1,0,0,0,0,0,0,0,0,0,0,0,0,0,0,0,0,0,0,0,0,0,0,1,0,0,1,1,1,0,1,0,0,0,0,0,2,1,1,0,0,2,0,0,0,0,0,0,0,0,1,0,0,1,0,2
C[C>G]C,1,0,1,0,0,0,0,1,0,0,0,0,0,0,0,1,0,0,0,0,0,0,0,0,0,0,2,0,0,0,0,1,0,0,0,0,0,0,0,0,1,0,1,0,0,2,1,0,0,0,1,1,0,2,1,0,0,0,0,0
C[C>G]G,0,0,1,0,1,2,0,0,0,0,0,0,0,1,0,0,0,0,0,0,0,0,1,2,1,0,1,0,1,0,0,0,0,0,0,1,0,0,0,0,0,2,0,0,1,0,0,1,0,0,0,0,0,0,0,0,1,0,0,0
C[C>G]T,0,0,0,0,1,1,1,1,0,0,1,0,0,0,0,0,1,0,0,0,1,0,0,1,0,0,0,0,0,0,2,1,0,2,0,2,0,1,0,0,1,0,1,0,0,0,1,0,0,0,0,0,0,0,0,0,1,0,3,0
G[C>G]A,1,0,0,0,0,0,0,0,0,0,0,0,1,0,0,0,1,0,1,0,0,1,0,0,1,0,0,0,0,0,0,0,0,1,0,0,0,0,0,2,0,1,0,0,0,0,0,1,0,0,0,0,0,0,0,0,0,0,0,0
G[C>G]C,0,1,0,0,1,0,0,0,1,0,0,1,0,0,0,0,0,0,0,0,0,0,0,0,1,1,1,0,0,0,0,1,0,1,1,0,0,0,0,0,0,0,0,0,0,1,0,0,0,0,2,0,0,1,0,0,0,0,0,0
G[C>G]G,0,0,0,0,0,0,0,0,0,0,0,0,1,0,0,0,0,0,0,0,0,1,0,0,0,0,0,0,0,0,0,0,0,0,0,0,0,0,0,0,0,1,0,1,0,2,0,0,1,0,1,0,0,0,1,0,0,0,0,0
G[C>G]T,0,0,1,0,0,0,0,0,1,0,0,0,0,0,0,0,0,0,0,0,1,1,1,0,0,1,0,0,0,0,0,0,0,0,1,1,0,0,1,2,0,0,0,0,1,2,0,0,0,1,0,0,0,0,0,0,0,1,0,0
T[C>G]A,1,0,1,0,0,0,0,1,0,0,0,1,0,0,0,0,1,1,1,1,1,0,1,0,0,0,0,0,0,0,0,1,0,0,0,0,0,0,1,0,0,0,0,1,1,0,0,0,0,0,0,0,0,0,0,0,0,0,1,0
T[C>G]C,0,1,0,1,1,0,0,0,0,1,0,0,0,0,0,0,2,0,0,1,1,1,0,0,0,0,0,0,0,0,0,0,0,0,0,2,0,1,0,0,0,0,0,0,2,0,0,0,1,0,1,0,0,1,0,0,0,1,0,1
T[C>G]G,0,0,0,0,0,0,0,0,0,1,0,0,1,1,0,0,0,0,0,0,1,0,0,0,1,0,0,0,0,0,0,0,0,0,0,1,0,0,0,0,0,0,0,0,0,0,0,0,0,1,1,0,0,0,0,0,0,0,0,0
T[C>G]T,0,0,0,1,0,0,0,0,0,0,0,2,0,0,0,0,0,0,1,1,0,0,0,1,1,0,1,0,1,1,0,0,0,0,0,0,0,0,0,0,1,0,0,0,1,0,1,1,0,0,0,0,0,0,1,0,1,1,2,1
A[C>T]A,1,1,3,2,2,0,3,1,1,5,2,3,2,3,3,2,2,0,3,2,2,2,3,1,6,2,6,1,3,3,3,1,2,11,5,0,2,5,2,3,5,4,1,0,6,1,0,4,4,1,0,4,1,6,1,8,3,1,1,1
A[C>T]C,1,2,0,1,1,2,1,0,1,0,0,1,0,0,1,3,1,0,1,2,1,0,0,2,2,3,2,3,0,4,1,2,2,1,2,0,4,1,3,0,4,5,2,1,1,3,1,1,1,2,1,1,0,2,1,3,3,1,4,0
A[C>T]G,4,3,3,5,7,4,8,8,5,7,4,6,4,10,2,3,5,10,7,1,11,3,11,8,8,6,7,8,7,9,10,7,13,11,14,4,5,11,12,7,5,7,7,7,10,16,12,10,8,8,6,5,8,5,7,4,10,6,13,3
A[C>T]T,5,2,1,1,0,2,0,2,3,2,1,3,2,2,2,3,0,1,0,1,1,1,2,0,1,0,2,0,2,4,4,3,4,2,4,5,4,10,6,1,2,1,3,4,2,1,4,0,3,2,1,0,3,1,1,0,0,1,2,0
C[C>T]A,3,2,1,0,1,3,1,1,2,4,3,1,1,3,2,1,3,0,2,0,0,0,2,2,8,2,4,1,0,4,1,1,0,4,2,1,0,2,1,4,2,3,0,0,2,8,0,1,0,1,4,2,2,3,1,1,1,0,2,2
C[C>T]C,1,0,1,1,1,3,1,2,0,1,2,1,1,2,4,0,2,0,1,4,1,1,1,2,2,0,2,1,0,4,2,1,6,1,4,4,2,3,4,1,2,1,1,2,3,2,2,2,3,2,4,3,1,0,0,3,4,4,7,2
C[C>T]G,8,5,1,8,1,2,3,1,3,2,3,3,6,2,3,2,0,2,3,3,3,2,3,4,11,4,8,4,4,5,4,1,7,3,4,1,5,3,5,4,5,5,6,7,9,1,2,2,3,3,6,1,4,5,4,7,4,3,6,2
C[C>T]T,2,2,0,0,0,3,1,0,0,0,2,0,1,2,3,1,3,0,2,1,1,0,0,4,1,1,3,0,3,5,4,3,5,1,5,2,6,4,1,2,0,1,2,1,5,2,3,0,0,2,1,0,2,3,1,5,4,1,1,3
G[C>T]A,2,1,2,2,2,2,1,1,0,0,0,0,0,2,0,0,0,1,0,1,1,2,0,3,2,3,5,2,2,2,2,2,6,6,0,1,1,5,1,0,2,0,1,3,2,1,1,2,1,1,1,2,1,2,2,0,4,1,2,0
G[C>T]C,2,2,0,2,2,0,1,1,1,1,1,0,0,1,1,0,2,1,2,4,2,1,2,4,4,3,0,0,2,4,7,3,4,2,2,3,1,0,3,3,7,2,1,1,1,2,2,1,2,1,1,1,0,1,3,0,5,1,4,2
G[C>T]G,3,4,0,7,5,2,0,3,3,3,1,2,3,2,5,4,3,3,4,3,4,1,4,4,6,2,4,3,0,5,4,5,6,5,3,6,7,7,9,6,9,4,6,4,2,5,4,6,1,1,1,3,2,4,4,5,3,0,9,3
G[C>T]T,2,0,3,1,2,3,3,2,0,2,2,1,0,2,0,2,0,1,2,0,3,3,2,0,2,2,0,0,2,2,2,3,0,1,6,0,1,1,5,4,0,2,3,1,0,3,3,1,3,0,3,1,1,2,2,1,2,3,2,2
T[C>T]A,3,0,1,3,2,0,4,1,3,2,1,2,1,0,2,0,0,2,3,2,4,1,2,4,0,1,5,0,3,3,1,2,3,3,4,1,3,7,5,0,1,4,2,5,0,0,3,3,2,1,3,4,1,0,0,1,2,1,4,1
T[C>T]C,2,3,4,2,2,0,0,3,3,3,2,1,0,2,1,4,4,2,2,2,3,0,0,2,5,0,2,2,4,3,2,1,4,7,4,3,1,2,3,2,1,3,6,3,4,3,4,2,4,1,3,0,2,3,1,4,4,4,2,3
T[C>T]G,8,2,3,2,3,2,2,2,4,2,3,2,2,2,2,4,7,1,3,3,5,4,1,1,4,2,4,4,0,4,4,6,4,5,4,2,4,8,5,2,1,2,6,5,3,3,4,1,1,3,5,2,1,5,3,5,5,1,4,0
T[C>T]T,1,3,1,0,1,1,0,3,6,3,2,1,3,2,2,5,2,3,1,0,4,4,3,2,3,0,5,0,4,5,2,7,4,1,2,4,4,6,2,4,5,4,4,1,4,4,7,5,4,2,3,1,2,3,1,6,5,3,3,1
A[T>A]A,3,0,0,2,0,0,0,0,1,0,1,0,1,0,2,1,1,0,0,1,1,0,1,0,2,0,1,1,1,0,0,1,1,2,1,1,1,1,1,1,0,0,1,0,1,1,0,0,1,1,0,0,0,5,1,1,3,2,1,0
A[T>A]C,0,0,0,0,1,0,0,0,0,0,0,0,1,0,0,0,0,0,0,0,0,1,0,2,1,0,0,0,0,1,2,0,1,0,1,1,1,0,2,0,1,0,1,0,0,1,0,0,0,0,2,0,0,0,0,0,0,3,3,0
A[T>A]G,0,0,2,0,1,0,1,1,1,0,1,1,1,2,0,0,0,0,1,0,0,1,0,0,1,0,0,0,1,1,0,0,1,2,3,1,1,1,2,1,0,1,1,0,0,1,1,1,0,0,0,1,0,0,1,0,1,0,1,0
A[T>A]T,1,1,3,0,0,1,1,1,0,0,0,0,1,2,0,1,2,1,1,0,0,4,0,1,3,0,3,1,0,5,2,0,2,2,0,4,3,4,5,2,2,4,2,1,2,1,3,1,3,1,1,1,4,1,1,3,1,1,4,1
C[T>A]A,1,0,0,1,0,2,0,1,0,0,0,0,0,0,0,1,0,1,0,0,1,1,0,0,0,0,0,1,0,1,0,0,0,2,1,0,0,0,0,1,0,1,0,0,0,2,0,0,0,0,0,0,0,0,0,1,2,0,1,1
C[T>A]C,1,1,0,2,0,0,0,0,0,0,0,3,0,1,0,0,0,1,0,1,0,1,1,1,1,1,0,0,0,0,2,3,0,0,0,1,0,1,2,1,0,0,0,1,1,0,0,0,0,1,0,2,1,0,0,1,0,0,1,0
C[T>A]G,0,1,0,1,1,2,0,0,0,0,0,0,0,0,0,1,0,0,1,1,0,0,0,0,0,2,1,0,0,3,1,0,1,1,0,2,0,0,2,1,1,0,0,0,1,1,2,1,0,0,1,0,0,1,0,0,1,0,0,0
C[T>A]T,1,1,0,0,0,0,1,0,1,0,0,1,1,1,2,0,0,0,1,1,1,0,1,1,1,0,2,0,0,0,2,0,4,0,1,1,1,2,1,2,0,0,1,0,0,1,2,0,0,0,0,2,1,0,0,2,2,1,1,0
G[T>A]A,0,1,1,0,0,0,0,0,1,0,1,0,0,0,0,0,0,0,1,0,0,0,0,0,1,0,0,0,0,0,0,2,0,0,0,0,0,2,1,1,0,0,0,0,0,0,0,0,2,0,0,0,0,0,0,1,0,1,0,0
G[T>A]C,1,0,1,0,0,0,0,0,0,0,1,0,0,0,1,0,1,0,0,0,0,0,0,0,0,0,0,0,0,0,0,0,0,0,0,0,2,0,0,1,0,0,0,0,1,1,0,0,0,0,0,0,1,0,0,0,1,0,0,0
G[T>A]G,0,0,0,0,0,0,0,0,0,0,0,0,0,1,1,0,0,0,0,0,0,0,0,0,4,0,1,0,0,0,0,1,1,1,1,0,0,0,0,0,0,0,0,0,0,0,0,0,0,0,0,0,0,0,0,0,0,0,1,1
G[T>A]T,1,0,0,1,0,0,0,0,0,0,1,0,0,1,0,0,1,1,0,1,0,1,0,0,3,1,0,1,0,0,0,1,0,1,1,0,0,0,1,0,1,1,0,0,0,0,0,0,0,0,1,0,0,0,0,0,0,1,0,1
T[T>A]A,3,1,0,3,1,0,1,0,3,0,1,0,1,0,2,1,1,0,0,1,0,1,0,1,3,0,1,0,1,2,0,1,3,3,3,0,1,5,1,1,1,0,1,2,4,2,2,1,0,0,2,1,1,2,1,4,1,1,1,2
T[T>A]C,1,0,0,0,0,0,0,0,2,0,0,0,0,0,0,0,0,0,1,0,0,0,0,0,2,0,0,0,1,1,0,0,0,3,0,1,0,1,1,0,1,0,0,0,1,0,1,0,0,0,1,0,0,0,0,0,1,0,1,0
T[T>A]G,0,0,0,0,0,0,0,0,0,0,0,1,0,0,0,0,0,0,0,0,0,0,0,0,0,0,0,0,0,0,0,1,0,0,0,0,1,1,0,0,1,0,0,0,0,1,0,0,0,0,0,0,0,0,1,0,1,0,2,1
T[T>A]T,3,1,1,2,0,0,0,0,1,1,1,0,4,0,1,0,2,2,0,2,0,2,0,1,1,0,1,3,0,1,2,1,4,0,1,0,0,1,1,1,2,1,1,0,4,1,1,2,0,0,0,2,0,2,2,0,0,2,1,0
A[T>C]A,1,1,1,1,1,2,1,2,1,2,1,3,1,2,2,0,0,0,1,1,1,2,0,1,5,1,1,1,0,5,2,1,2,1,3,1,1,2,1,0,2,1,6,2,5,3,2,3,2,1,2,3,1,1,0,2,3,2,1,1
A[T>C]C,1,0,0,1,1,0,0,1,0,0,1,2,2,1,0,0,0,0,1,1,3,0,1,0,1,1,0,1,3,1,2,4,3,1,1,0,1,1,3,3,1,0,2,1,4,1,1,1,3,2,1,2,0,0,1,2,5,0,1,1
A[T>C]G,1,2,0,1,2,2,0,1,1,0,0,1,1,1,1,2,1,1,1,0,1,1,2,1,3,2,2,0,0,1,2,4,3,2,1,5,3,2,2,0,2,0,3,4,3,3,4,1,3,2,0,2,2,0,2,1,3,2,1,0
A[T>C]T,5,5,0,2,4,1,1,2,2,0,2,1,0,2,2,3,0,1,0,2,0,1,2,2,0,1,2,1,3,4,4,1,1,5,2,3,3,2,4,4,6,0,0,4,1,5,2,2,1,5,3,2,1,7,2,1,3,1,1,4
C[T>C]A,0,0,0,0,2,0,1,0,0,0,0,0,0,0,0,0,0,0,1,2,0,0,1,1,0,0,0,0,1,2,0,0,1,0,0,1,1,1,2,1,1,1,1,1,1,0,1,2,0,0,1,0,3,0,1,0,1,0,0,2
C[T>C]C,1,0,0,0,0,0,0,1,1,1,0,0,1,0,0,1,2,0,0,0,0,0,0,0,1,0,2,0,0,1,0,0,1,0,0,2,0,1,3,2,0,1,3,2,0,0,1,0,1,0,3,1,0,0,1,2,1,0,2,0
C[T>C]G,3,0,1,1,0,0,0,0,0,0,1,1,1,1,0,0,0,1,1,1,1,0,0,0,3,0,0,1,0,1,1,0,1,1,0,0,2,2,2,0,0,1,2,0,1,1,0,0,1,1,0,1,0,1,2,0,1,1,0,0
C[T>C]T,0,1,0,0,0,0,2,1,1,1,0,2,3,0,0,2,4,0,0,0,0,1,0,0,2,1,1,1,0,3,1,4,0,0,1,1,1,1,3,0,1,1,3,1,3,1,1,3,0,1,2,1,0,1,1,1,1,0,1,0
G[T>C]A,0,1,1,0,2,1,0,1,1,0,0,2,1,1,1,1,0,0,0,2,0,0,0,0,3,0,1,0,1,1,1,0,3,1,0,1,0,1,3,1,2,1,2,2,0,0,1,0,0,0,1,2,0,1,0,2,1,0,0,0
G[T>C]C,0,0,2,0,0,1,0,0,0,2,1,2,0,2,1,0,1,0,0,1,0,0,0,0,1,0,0,1,0,1,2,1,0,0,1,0,1,5,2,2,2,1,2,0,1,0,0,1,1,0,3,2,0,0,1,1,0,1,2,1
G[T>C]G,0,0,0,0,1,0,1,0,0,1,0,1,0,2,0,1,0,0,0,0,0,0,1,0,1,1,1,1,2,2,0,2,0,0,0,1,1,0,1,0,0,0,0,0,0,3,1,0,1,1,0,1,0,2,0,0,3,1,0,0
G[T>C]T,1,0,0,0,1,1,0,1,1,0,0,1,1,1,1,0,0,1,1,0,0,0,0,0,0,0,0,1,2,1,0,1,3,2,4,4,1,0,1,2,3,1,1,1,4,2,3,0,3,2,3,2,2,1,0,0,3,1,2,1
T[T>C]A,0,0,0,0,1,1,0,0,0,0,0,0,0,0,1,0,0,1,0,1,0,0,0,2,0,2,1,0,1,2,2,1,0,1,1,2,0,0,0,2,2,1,1,0,0,2,0,3,0,1,0,0,1,2,3,1,0,2,2,1
T[T>C]C,1,3,0,0,2,1,0,3,2,2,0,1,0,2,0,2,0,2,1,1,1,0,0,1,2,0,1,0,0,0,1,0,2,2,0,1,1,1,2,0,2,2,0,0,1,3,0,0,0,2,0,3,1,1,0,4,1,1,1,1
T[T>C]G,1,0,1,0,0,1,0,0,0,1,0,0,0,1,0,1,0,0,1,0,1,1,0,1,0,0,0,3,0,1,0,1,1,0,0,0,0,2,0,0,1,0,1,2,0,0,1,0,1,0,0,0,2,0,1,0,1,0,0,1
T[T>C]T,1,2,2,1,1,0,0,0,0,0,1,0,0,1,1,0,1,0,1,0,0,1,1,3,0,2,1,1,1,2,0,1,2,2,0,1,1,3,1,0,0,1,2,0,0,1,1,0,4,0,0,2,0,2,2,2,0,0,0,1
A[T>G]A,0,1,0,0,0,0,0,0,0,1,0,0,0,1,0,1,0,0,1,0,1,0,0,0,0,1,0,1,0,0,1,1,0,0,0,0,0,2,0,0,0,1,1,0,0,1,0,0,0,0,0,0,0,0,0,1,0,0,0,0
A[T>G]C,0,0,0,0,0,0,0,0,0,0,0,0,1,0,0,0,0,0,0,0,0,0,0,0,1,0,0,2,1,1,1,0,0,1,3,1,1,2,0,0,1,0,0,0,1,0,1,0,1,0,0,0,1,2,0,0,1,0,1,1
A[T>G]G,2,0,0,0,0,1,0,0,1,0,0,1,0,0,1,0,8,0,0,0,0,0,1,0,1,0,0,0,0,0,1,0,0,0,0,1,1,1,1,0,1,1,1,1,0,0,0,0,0,0,0,0,0,0,0,0,1,1,0,0
A[T>G]T,0,1,0,1,0,0,0,0,1,0,0,2,0,2,1,1,1,1,0,0,0,1,0,1,0,0,1,0,0,2,0,1,0,0,0,1,1,0,1,0,0,0,0,0,0,0,1,0,0,0,0,0,2,0,0,1,1,2,1,2
C[T>G]A,0,0,0,0,0,0,0,0,0,1,0,0,0,0,0,0,2,0,0,0,0,0,0,0,1,0,0,0,0,0,0,0,0,0,0,0,2,0,2,0,2,0,0,0,1,0,0,0,1,0,1,0,1,0,0,1,0,0,0,0
C[T>G]C,1,0,0,0,0,0,0,0,0,0,0,0,1,0,0,0,0,0,0,0,0,1,0,0,1,0,1,0,0,1,1,1,0,0,1,2,1,0,0,0,0,1,1,0,0,0,0,0,0,1,0,0,0,1,0,0,0,0,0,0
C[T>G]G,0,0,0,0,0,0,0,1,1,0,0,1,1,0,0,0,1,0,0,1,0,0,0,0,0,1,1,0,1,0,0,1,1,0,1,0,0,0,0,0,0,0,0,1,0,0,0,0,0,1,0,0,0,2,1,0,0,0,0,1
C[T>G]T,2,2,2,1,0,1,0,1,0,0,0,0,2,1,0,0,2,0,2,2,0,1,2,1,0,1,0,0,0,1,1,0,3,2,0,0,0,4,3,0,2,1,0,2,0,0,0,1,0,1,0,0,0,0,0,1,1,0,0,0
G[T>G]A,0,0,0,0,0,1,2,0,0,0,0,0,1,0,0,0,0,0,0,0,1,0,0,0,0,0,0,0,0,0,0,0,0,1,0,1,0,0,0,1,0,0,0,1,0,0,0,0,0,0,0,0,0,0,0,0,0,0,0,1
G[T>G]C,0,0,1,0,0,0,0,0,0,0,1,0,0,0,0,1,0,1,0,0,1,0,0,0,0,0,0,0,1,0,0,0,0,0,0,1,0,1,0,0,0,0,1,0,0,0,0,0,1,0,0,0,1,1,1,0,1,1,0,1
G[T>G]G,0,0,0,0,0,0,0,1,0,1,1,0,1,1,0,0,0,0,0,0,0,0,0,0,0,0,0,0,0,0,1,2,0,0,0,1,1,0,2,1,2,0,0,0,0,1,0,1,0,0,0,0,0,1,0,0,1,0,1,0
G[T>G]T,0,1,0,0,0,0,0,0,0,1,0,0,1,0,0,2,0,0,0,0,0,1,0,0,1,1,1,0,0,0,0,0,0,1,1,0,0,1,1,5,0,0,1,0,0,3,0,1,2,0,0,0,0,0,0,0,0,1,0,0
T[T>G]A,1,1,0,0,0,0,0,0,0,1,0,0,1,0,1,1,0,0,0,0,1,0,0,0,2,0,0,0,0,0,1,1,0,0,0,0,0,0,1,0,0,0,0,0,0,0,1,0,1,1,0,0,0,0,0,1,1,0,0,0
T[T>G]C,0,0,0,0,0,0,0,0,0,0,0,0,0,0,0,0,0,0,0,0,0,0,0,0,0,0,1,0,0,1,0,0,0,1,1,2,1,1,0,0,2,1,0,0,1,0,0,0,1,0,0,0,0,0,0,0,1,1,0,0
T[T>G]G,1,3,1,0,0,0,0,0,0,1,0,0,1,0,0,0,1,1,0,0,0,1,0,0,0,0,0,0,0,0,0,0,3,1,0,4,0,2,0,0,1,0,1,0,0,1,0,0,0,0,0,1,0,1,1,0,0,0,0,1
T[T>G]T,0,0,2,1,2,2,0,0,0,0,0,0,0,1,0,0,1,0,2,1,1,1,2,1,2,1,1,0,0,0,0,1,1,0,0,0,1,0,1,2,0,2,0,0,2,1,1,0,0,0,0,1,0,0,0,0,2,2,1,1
